"날짜","시간","경기","구장","경기날짜및시간","원정팀","원정팀_점수","홈팀_점수","홈팀","비고","시즌구분","홈팀_결과","원정팀_결과"
"3.1 (월)","-","프로야구 경기가 없습니다.","","2010-03-01 00:00","",NA,NA,"","경기 없는 날","정규시즌",NA,NA
"3.2 (화)","-","프로야구 경기가 없습니다.","","2010-03-02 00:00","",NA,NA,"","경기 없는 날","정규시즌",NA,NA
"3.3 (수)","-","프로야구 경기가 없습니다.","","2010-03-03 00:00","",NA,NA,"","경기 없는 날","정규시즌",NA,NA
"3.4 (목)","-","프로야구 경기가 없습니다.","","2010-03-04 00:00","",NA,NA,"","경기 없는 날","정규시즌",NA,NA
"3.5 (금)","-","프로야구 경기가 없습니다.","","2010-03-05 00:00","",NA,NA,"","경기 없는 날","정규시즌",NA,NA
"3.6 (토)","-","프로야구 경기가 없습니다.","","2010-03-06 00:00","",NA,NA,"","경기 없는 날","시범경기",NA,NA
"3.7 (일)","-","프로야구 경기가 없습니다.","","2010-03-07 00:00","",NA,NA,"","경기 없는 날","시범경기",NA,NA
"3.8 (월)","-","프로야구 경기가 없습니다.","","2010-03-08 00:00","",NA,NA,"","경기 없는 날","정규시즌",NA,NA
"3.9 (화)","-","프로야구 경기가 없습니다.","","2010-03-09 00:00","",NA,NA,"","경기 없는 날","시범경기",NA,NA
"3.10 (수)","-","프로야구 경기가 없습니다.","","2010-03-10 00:00","",NA,NA,"","경기 없는 날","시범경기",NA,NA
"3.11 (목)","-","프로야구 경기가 없습니다.","","2010-03-11 00:00","",NA,NA,"","경기 없는 날","시범경기",NA,NA
"3.12 (금)","-","프로야구 경기가 없습니다.","","2010-03-12 00:00","",NA,NA,"","경기 없는 날","시범경기",NA,NA
"3.13 (토)","-","프로야구 경기가 없습니다.","","2010-03-13 00:00","",NA,NA,"","경기 없는 날","시범경기",NA,NA
"3.14 (일)","-","프로야구 경기가 없습니다.","","2010-03-14 00:00","",NA,NA,"","경기 없는 날","시범경기",NA,NA
"3.15 (월)","-","프로야구 경기가 없습니다.","","2010-03-15 00:00","",NA,NA,"","경기 없는 날","정규시즌",NA,NA
"3.16 (화)","-","프로야구 경기가 없습니다.","","2010-03-16 00:00","",NA,NA,"","경기 없는 날","시범경기",NA,NA
"3.17 (수)","-","프로야구 경기가 없습니다.","","2010-03-17 00:00","",NA,NA,"","경기 없는 날","시범경기",NA,NA
"3.18 (목)","-","프로야구 경기가 없습니다.","","2010-03-18 00:00","",NA,NA,"","경기 없는 날","시범경기",NA,NA
"3.19 (금)","-","프로야구 경기가 없습니다.","","2010-03-19 00:00","",NA,NA,"","경기 없는 날","시범경기",NA,NA
"3.20 (토)","-","프로야구 경기가 없습니다.","","2010-03-20 00:00","",NA,NA,"","경기 없는 날","시범경기",NA,NA
"3.21 (일)","-","프로야구 경기가 없습니다.","","2010-03-21 00:00","",NA,NA,"","경기 없는 날","시범경기",NA,NA
"3.22 (월)","-","프로야구 경기가 없습니다.","","2010-03-22 00:00","",NA,NA,"","경기 없는 날","정규시즌",NA,NA
"3.23 (화)","-","프로야구 경기가 없습니다.","","2010-03-23 00:00","",NA,NA,"","경기 없는 날","정규시즌",NA,NA
"3.24 (수)","-","프로야구 경기가 없습니다.","","2010-03-24 00:00","",NA,NA,"","경기 없는 날","정규시즌",NA,NA
"3.25 (목)","-","프로야구 경기가 없습니다.","","2010-03-25 00:00","",NA,NA,"","경기 없는 날","정규시즌",NA,NA
"3.26 (금)","-","프로야구 경기가 없습니다.","","2010-03-26 00:00","",NA,NA,"","경기 없는 날","정규시즌",NA,NA
"3.27 (토)","14:00","한화  2:3  SK","문학","2010-03-27 14:00","한화",2,3,"SK","정규시즌","정규시즌","승","패"
"","14:00","KIA  3:8  두산","잠실","2010-03-27 14:00","KIA",3,8,"두산","정규시즌","정규시즌","승","패"
"","14:00","LG  7:5  삼성","대구","2010-03-27 14:00","LG",7,5,"삼성","정규시즌","정규시즌","패","승"
"","14:00","넥센  3:2  롯데","사직","2010-03-27 14:00","넥센",3,2,"롯데","정규시즌","정규시즌","패","승"
"3.28 (일)","14:00","한화  3:6  SK","문학","2010-03-28 14:00","한화",3,6,"SK","정규시즌","정규시즌","승","패"
"","14:00","LG  4:9  삼성","대구","2010-03-28 14:00","LG",4,9,"삼성","정규시즌","정규시즌","승","패"
"","14:00","넥센  11:3  롯데","사직","2010-03-28 14:00","넥센",11,3,"롯데","정규시즌","정규시즌","패","승"
"","14:15","KIA  9:10  두산","잠실","2010-03-28 14:15","KIA",9,10,"두산","정규시즌","정규시즌","승","패"
"3.29 (월)","-","프로야구 경기가 없습니다.","","2010-03-29 00:00","",NA,NA,"","경기 없는 날","정규시즌",NA,NA
"3.30 (화)","18:30","롯데  3:13  한화","대전","2010-03-30 18:30","롯데",3,13,"한화","정규시즌","정규시즌","승","패"
"","18:30","두산  7:2  넥센","목동","2010-03-30 18:30","두산",7,2,"넥센","정규시즌","정규시즌","패","승"
"","18:30","SK  3:0  LG","잠실","2010-03-30 18:30","SK",3,0,"LG","정규시즌","정규시즌","패","승"
"","18:30","삼성  6:1  KIA","광주","2010-03-30 18:30","삼성",6,1,"KIA","정규시즌","정규시즌","패","승"
"3.31 (수)","18:30","삼성  2:4  KIA","광주","2010-03-31 18:30","삼성",2,4,"KIA","정규시즌","정규시즌","승","패"
"4.1 (목)","-","프로야구 경기가 없습니다.","","2010-04-01 00:00","",NA,NA,"","경기 없는 날","정규시즌",NA,NA
"4.2 (금)","18:30","롯데  2:3  KIA","광주","2010-04-02 18:30","롯데",2,3,"KIA","정규시즌","정규시즌","승","패"
"","18:30","두산  10:3  SK","문학","2010-04-02 18:30","두산",10,3,"SK","정규시즌","정규시즌","패","승"
"","18:30","삼성  8:1  한화","대전","2010-04-02 18:30","삼성",8,1,"한화","정규시즌","정규시즌","패","승"
"","18:30","넥센  14:5  LG","잠실","2010-04-02 18:30","넥센",14,5,"LG","정규시즌","정규시즌","패","승"
"4.3 (토)","13:50","롯데  2:4  KIA","광주","2010-04-03 13:50","롯데",2,4,"KIA","정규시즌","정규시즌","승","패"
"","17:00","두산  5:6  SK","문학","2010-04-03 17:00","두산",5,6,"SK","정규시즌","정규시즌","승","패"
"","17:00","삼성  9:11  한화","대전","2010-04-03 17:00","삼성",9,11,"한화","정규시즌","정규시즌","승","패"
"","17:00","넥센  4:5  LG","잠실","2010-04-03 17:00","넥센",4,5,"LG","정규시즌","정규시즌","승","패"
"4.4 (일)","16:35","두산  8:0  SK","문학","2010-04-04 16:35","두산",8,0,"SK","정규시즌","정규시즌","패","승"
"","17:00","롯데  3:2  KIA","광주","2010-04-04 17:00","롯데",3,2,"KIA","정규시즌","정규시즌","패","승"
"","17:00","삼성  2:1  한화","대전","2010-04-04 17:00","삼성",2,1,"한화","정규시즌","정규시즌","패","승"
"","17:00","넥센  5:0  LG","잠실","2010-04-04 17:00","넥센",5,0,"LG","정규시즌","정규시즌","패","승"
"4.5 (월)","-","프로야구 경기가 없습니다.","","2010-04-05 00:00","",NA,NA,"","경기 없는 날","정규시즌",NA,NA
"4.6 (화)","18:30","한화  2:3  두산","잠실","2010-04-06 18:30","한화",2,3,"두산","정규시즌","정규시즌","승","패"
"","18:30","KIA  3:1  SK","문학","2010-04-06 18:30","KIA",3,1,"SK","정규시즌","정규시즌","패","승"
"","18:30","LG  5:7  롯데","사직","2010-04-06 18:30","LG",5,7,"롯데","정규시즌","정규시즌","승","패"
"","18:30","넥센  3:7  삼성","대구","2010-04-06 18:30","넥센",3,7,"삼성","정규시즌","정규시즌","승","패"
"4.7 (수)","18:30","한화  2:8  두산","잠실","2010-04-07 18:30","한화",2,8,"두산","정규시즌","정규시즌","승","패"
"","18:30","KIA  5:3  SK","문학","2010-04-07 18:30","KIA",5,3,"SK","정규시즌","정규시즌","패","승"
"","18:30","LG  0:6  롯데","사직","2010-04-07 18:30","LG",0,6,"롯데","정규시즌","정규시즌","승","패"
"","18:30","넥센  1:3  삼성","대구","2010-04-07 18:30","넥센",1,3,"삼성","정규시즌","정규시즌","승","패"
"4.8 (목)","18:30","한화  4:5  두산","잠실","2010-04-08 18:30","한화",4,5,"두산","정규시즌","정규시즌","승","패"
"","18:30","KIA  2:5  SK","문학","2010-04-08 18:30","KIA",2,5,"SK","정규시즌","정규시즌","승","패"
"","18:30","LG  10:2  롯데","사직","2010-04-08 18:30","LG",10,2,"롯데","정규시즌","정규시즌","패","승"
"","18:30","넥센  6:7  삼성","대구","2010-04-08 18:30","넥센",6,7,"삼성","정규시즌","정규시즌","승","패"
"4.9 (금)","18:30","한화  15:14  롯데","사직","2010-04-09 18:30","한화",15,14,"롯데","정규시즌","정규시즌","패","승"
"","18:30","KIA  5:6  삼성","대구","2010-04-09 18:30","KIA",5,6,"삼성","정규시즌","정규시즌","승","패"
"","18:30","LG  7:7  두산","잠실","2010-04-09 18:30","LG",7,7,"두산","정규시즌","정규시즌","무","무"
"","18:30","SK  4:1  넥센","목동","2010-04-09 18:30","SK",4,1,"넥센","정규시즌","정규시즌","패","승"
"4.10 (토)","17:00","한화  9:2  롯데","사직","2010-04-10 17:00","한화",9,2,"롯데","정규시즌","정규시즌","패","승"
"","17:00","KIA  1:3  삼성","대구","2010-04-10 17:00","KIA",1,3,"삼성","정규시즌","정규시즌","승","패"
"","17:00","LG  2:3  두산","잠실","2010-04-10 17:00","LG",2,3,"두산","정규시즌","정규시즌","승","패"
"","17:00","SK  7:2  넥센","목동","2010-04-10 17:00","SK",7,2,"넥센","정규시즌","정규시즌","패","승"
"4.11 (일)","14:00","한화  9:10  롯데","사직","2010-04-11 14:00","한화",9,10,"롯데","정규시즌","정규시즌","승","패"
"","14:00","KIA  3:2  삼성","대구","2010-04-11 14:00","KIA",3,2,"삼성","정규시즌","정규시즌","패","승"
"","17:00","LG  8:5  두산","잠실","2010-04-11 17:00","LG",8,5,"두산","정규시즌","정규시즌","패","승"
"","17:00","SK  10:1  넥센","목동","2010-04-11 17:00","SK",10,1,"넥센","정규시즌","정규시즌","패","승"
"4.12 (월)","-","프로야구 경기가 없습니다.","","2010-04-12 00:00","",NA,NA,"","경기 없는 날","정규시즌",NA,NA
"4.13 (화)","18:30","롯데  9:0  넥센","목동","2010-04-13 18:30","롯데",9,0,"넥센","정규시즌","정규시즌","패","승"
"","18:30","두산  9:8  KIA","광주","2010-04-13 18:30","두산",9,8,"KIA","정규시즌","정규시즌","패","승"
"","18:30","SK  1:2  한화","대전","2010-04-13 18:30","SK",1,2,"한화","정규시즌","정규시즌","승","패"
"","18:30","삼성  6:0  LG","잠실","2010-04-13 18:30","삼성",6,0,"LG","정규시즌","정규시즌","패","승"
"4.14 (수)","18:30","롯데  5:6  넥센","목동","2010-04-14 18:30","롯데",5,6,"넥센","정규시즌","정규시즌","승","패"
"","18:30","SK  6:1  한화","대전","2010-04-14 18:30","SK",6,1,"한화","정규시즌","정규시즌","패","승"
"","18:30","삼성  4:5  LG","잠실","2010-04-14 18:30","삼성",4,5,"LG","정규시즌","정규시즌","승","패"
"4.15 (목)","18:30","롯데  6:0  넥센","목동","2010-04-15 18:30","롯데",6,0,"넥센","정규시즌","정규시즌","패","승"
"","18:30","두산  3:4  KIA","광주","2010-04-15 18:30","두산",3,4,"KIA","정규시즌","정규시즌","승","패"
"","18:30","SK  10:3  한화","대전","2010-04-15 18:30","SK",10,3,"한화","정규시즌","정규시즌","패","승"
"","18:30","삼성  0:4  LG","잠실","2010-04-15 18:30","삼성",0,4,"LG","정규시즌","정규시즌","승","패"
"4.16 (금)","18:30","LG  8:4  KIA","광주","2010-04-16 18:30","LG",8,4,"KIA","정규시즌","정규시즌","패","승"
"","18:30","롯데  4:6  두산","잠실","2010-04-16 18:30","롯데",4,6,"두산","정규시즌","정규시즌","승","패"
"","18:30","삼성  2:7  SK","문학","2010-04-16 18:30","삼성",2,7,"SK","정규시즌","정규시즌","승","패"
"","18:30","넥센  4:5  한화","청주","2010-04-16 18:30","넥센",4,5,"한화","정규시즌","정규시즌","승","패"
"4.17 (토)","17:00","LG  13:4  KIA","광주","2010-04-17 17:00","LG",13,4,"KIA","정규시즌","정규시즌","패","승"
"","17:00","롯데  3:4  두산","잠실","2010-04-17 17:00","롯데",3,4,"두산","정규시즌","정규시즌","승","패"
"","17:00","삼성  3:4  SK","문학","2010-04-17 17:00","삼성",3,4,"SK","정규시즌","정규시즌","승","패"
"","17:00","넥센  0:6  한화","청주","2010-04-17 17:00","넥센",0,6,"한화","정규시즌","정규시즌","승","패"
"4.18 (일)","17:00","롯데  9:5  두산","잠실","2010-04-18 17:00","롯데",9,5,"두산","정규시즌","정규시즌","패","승"
"","17:00","삼성  1:12  SK","문학","2010-04-18 17:00","삼성",1,12,"SK","정규시즌","정규시즌","승","패"
"","17:00","넥센  15:0  한화","청주","2010-04-18 17:00","넥센",15,0,"한화","정규시즌","정규시즌","패","승"
"4.19 (월)","-","프로야구 경기가 없습니다.","","2010-04-19 00:00","",NA,NA,"","경기 없는 날","정규시즌",NA,NA
"4.20 (화)","18:30","한화  3:16  삼성","대구","2010-04-20 18:30","한화",3,16,"삼성","정규시즌","정규시즌","승","패"
"","18:30","KIA  10:3  롯데","사직","2010-04-20 18:30","KIA",10,3,"롯데","정규시즌","정규시즌","패","승"
"","18:30","LG  6:2  넥센","목동","2010-04-20 18:30","LG",6,2,"넥센","정규시즌","정규시즌","패","승"
"","18:30","SK  3:2  두산","잠실","2010-04-20 18:30","SK",3,2,"두산","정규시즌","정규시즌","패","승"
"4.21 (수)","18:30","한화  3:8  삼성","대구","2010-04-21 18:30","한화",3,8,"삼성","정규시즌","정규시즌","승","패"
"","18:30","KIA  9:6  롯데","사직","2010-04-21 18:30","KIA",9,6,"롯데","정규시즌","정규시즌","패","승"
"4.22 (목)","18:30","한화  6:1  삼성","대구","2010-04-22 18:30","한화",6,1,"삼성","정규시즌","정규시즌","패","승"
"","18:30","KIA  1:4  롯데","사직","2010-04-22 18:30","KIA",1,4,"롯데","정규시즌","정규시즌","승","패"
"","18:30","LG  3:1  넥센","목동","2010-04-22 18:30","LG",3,1,"넥센","정규시즌","정규시즌","패","승"
"","18:30","SK  9:6  두산","잠실","2010-04-22 18:30","SK",9,6,"두산","정규시즌","정규시즌","패","승"
"4.23 (금)","18:30","한화  5:0  LG","잠실","2010-04-23 18:30","한화",5,0,"LG","정규시즌","정규시즌","패","승"
"","18:30","KIA  3:4  넥센","목동","2010-04-23 18:30","KIA",3,4,"넥센","정규시즌","정규시즌","승","패"
"","18:30","롯데  7:9  SK","문학","2010-04-23 18:30","롯데",7,9,"SK","정규시즌","정규시즌","승","패"
"","18:30","두산  7:9  삼성","대구","2010-04-23 18:30","두산",7,9,"삼성","정규시즌","정규시즌","승","패"
"4.24 (토)","17:00","한화  3:14  LG","잠실","2010-04-24 17:00","한화",3,14,"LG","정규시즌","정규시즌","승","패"
"","17:00","KIA  1:2  넥센","목동","2010-04-24 17:00","KIA",1,2,"넥센","정규시즌","정규시즌","승","패"
"","17:00","롯데  1:2  SK","문학","2010-04-24 17:00","롯데",1,2,"SK","정규시즌","정규시즌","승","패"
"","17:00","두산  3:2  삼성","대구","2010-04-24 17:00","두산",3,2,"삼성","정규시즌","정규시즌","패","승"
"4.25 (일)","14:00","두산  8:4  삼성","대구","2010-04-25 14:00","두산",8,4,"삼성","정규시즌","정규시즌","패","승"
"","17:00","한화  0:3  LG","잠실","2010-04-25 17:00","한화",0,3,"LG","정규시즌","정규시즌","승","패"
"","17:00","KIA  6:4  넥센","목동","2010-04-25 17:00","KIA",6,4,"넥센","정규시즌","정규시즌","패","승"
"","17:00","롯데  4:14  SK","문학","2010-04-25 17:00","롯데",4,14,"SK","정규시즌","정규시즌","승","패"
"4.26 (월)","-","프로야구 경기가 없습니다.","","2010-04-26 00:00","",NA,NA,"","경기 없는 날","정규시즌",NA,NA
"4.27 (화)","18:30","두산  14:5  한화","대전","2010-04-27 18:30","두산",14,5,"한화","정규시즌","정규시즌","패","승"
"","18:30","SK  4:0  KIA","광주","2010-04-27 18:30","SK",4,0,"KIA","정규시즌","정규시즌","패","승"
"","18:30","넥센  2:10  롯데","사직","2010-04-27 18:30","넥센",2,10,"롯데","정규시즌","정규시즌","승","패"
"4.28 (수)","18:30","넥센  5:6  롯데","사직","2010-04-28 18:30","넥센",5,6,"롯데","정규시즌","정규시즌","승","패"
"4.29 (목)","18:30","두산  3:1  한화","대전","2010-04-29 18:30","두산",3,1,"한화","정규시즌","정규시즌","패","승"
"","18:30","SK  3:0  KIA","광주","2010-04-29 18:30","SK",3,0,"KIA","정규시즌","정규시즌","패","승"
"","18:30","삼성  3:2  LG","잠실","2010-04-29 18:30","삼성",3,2,"LG","정규시즌","정규시즌","패","승"
"","18:30","넥센  2:5  롯데","사직","2010-04-29 18:30","넥센",2,5,"롯데","정규시즌","정규시즌","승","패"
"4.30 (금)","18:30","KIA  8:4  롯데","사직","2010-04-30 18:30","KIA",8,4,"롯데","정규시즌","정규시즌","패","승"
"","18:30","LG  4:5  SK","문학","2010-04-30 18:30","LG",4,5,"SK","정규시즌","정규시즌","승","패"
"","18:30","삼성  10:4  한화","대전","2010-04-30 18:30","삼성",10,4,"한화","정규시즌","정규시즌","패","승"
"","18:30","넥센  5:12  두산","잠실","2010-04-30 18:30","넥센",5,12,"두산","정규시즌","정규시즌","승","패"
"5.1 (토)","17:00","KIA  15:7  롯데","사직","2010-05-01 17:00","KIA",15,7,"롯데","정규시즌","정규시즌","패","승"
"","17:00","LG  3:21  SK","문학","2010-05-01 17:00","LG",3,21,"SK","정규시즌","정규시즌","승","패"
"","17:00","삼성  8:5  한화","대전","2010-05-01 17:00","삼성",8,5,"한화","정규시즌","정규시즌","패","승"
"","17:00","넥센  11:3  두산","잠실","2010-05-01 17:00","넥센",11,3,"두산","정규시즌","정규시즌","패","승"
"5.2 (일)","16:40","KIA  4:5  롯데","사직","2010-05-02 16:40","KIA",4,5,"롯데","정규시즌","정규시즌","승","패"
"","17:00","LG  5:6  SK","문학","2010-05-02 17:00","LG",5,6,"SK","정규시즌","정규시즌","승","패"
"","17:00","삼성  8:6  한화","대전","2010-05-02 17:00","삼성",8,6,"한화","정규시즌","정규시즌","패","승"
"","17:00","넥센  11:3  두산","잠실","2010-05-02 17:00","넥센",11,3,"두산","정규시즌","정규시즌","패","승"
"5.3 (월)","-","프로야구 경기가 없습니다.","","2010-05-03 00:00","",NA,NA,"","경기 없는 날","정규시즌",NA,NA
"5.4 (화)","18:30","한화  1:8  KIA","광주","2010-05-04 18:30","한화",1,8,"KIA","정규시즌","정규시즌","승","패"
"","18:30","롯데  9:3  삼성","대구","2010-05-04 18:30","롯데",9,3,"삼성","정규시즌","정규시즌","패","승"
"","18:30","두산  5:6  LG","잠실","2010-05-04 18:30","두산",5,6,"LG","정규시즌","정규시즌","승","패"
"","18:30","넥센  0:3  SK","문학","2010-05-04 18:30","넥센",0,3,"SK","정규시즌","정규시즌","승","패"
"5.5 (수)","14:00","한화  0:4  KIA","광주","2010-05-05 14:00","한화",0,4,"KIA","정규시즌","정규시즌","승","패"
"","14:00","롯데  2:13  삼성","대구","2010-05-05 14:00","롯데",2,13,"삼성","정규시즌","정규시즌","승","패"
"","14:00","두산  4:2  LG","잠실","2010-05-05 14:00","두산",4,2,"LG","정규시즌","정규시즌","패","승"
"","14:00","넥센  2:1  SK","문학","2010-05-05 14:00","넥센",2,1,"SK","정규시즌","정규시즌","패","승"
"5.6 (목)","18:30","한화  2:3  KIA","광주","2010-05-06 18:30","한화",2,3,"KIA","정규시즌","정규시즌","승","패"
"","18:30","롯데  6:2  삼성","대구","2010-05-06 18:30","롯데",6,2,"삼성","정규시즌","정규시즌","패","승"
"","18:30","두산  14:4  LG","잠실","2010-05-06 18:30","두산",14,4,"LG","정규시즌","정규시즌","패","승"
"","18:30","넥센  13:4  SK","문학","2010-05-06 18:30","넥센",13,4,"SK","정규시즌","정규시즌","패","승"
"5.7 (금)","18:30","한화  2:6  넥센","목동","2010-05-07 18:30","한화",2,6,"넥센","정규시즌","정규시즌","승","패"
"","18:30","KIA  4:0  LG","잠실","2010-05-07 18:30","KIA",4,0,"LG","정규시즌","정규시즌","패","승"
"","18:30","두산  7:13  롯데","사직","2010-05-07 18:30","두산",7,13,"롯데","정규시즌","정규시즌","승","패"
"","18:30","SK  3:6  삼성","대구","2010-05-07 18:30","SK",3,6,"삼성","정규시즌","정규시즌","승","패"
"5.8 (토)","17:00","한화  5:0  넥센","목동","2010-05-08 17:00","한화",5,0,"넥센","정규시즌","정규시즌","패","승"
"","17:00","KIA  6:4  LG","잠실","2010-05-08 17:00","KIA",6,4,"LG","정규시즌","정규시즌","패","승"
"","17:00","두산  1:11  롯데","사직","2010-05-08 17:00","두산",1,11,"롯데","정규시즌","정규시즌","승","패"
"","17:00","SK  9:3  삼성","대구","2010-05-08 17:00","SK",9,3,"삼성","정규시즌","정규시즌","패","승"
"5.9 (일)","14:00","두산  11:1  롯데","사직","2010-05-09 14:00","두산",11,1,"롯데","정규시즌","정규시즌","패","승"
"","14:00","SK  2:3  삼성","대구","2010-05-09 14:00","SK",2,3,"삼성","정규시즌","정규시즌","승","패"
"","16:40","KIA  3:4  LG","잠실","2010-05-09 16:40","KIA",3,4,"LG","정규시즌","정규시즌","승","패"
"","17:00","한화  2:4  넥센","목동","2010-05-09 17:00","한화",2,4,"넥센","정규시즌","정규시즌","승","패"
"5.10 (월)","-","프로야구 경기가 없습니다.","","2010-05-10 00:00","",NA,NA,"","경기 없는 날","정규시즌",NA,NA
"5.11 (화)","18:30","LG  1:3  한화","청주","2010-05-11 18:30","LG",1,3,"한화","정규시즌","정규시즌","승","패"
"","18:30","SK  21:10  롯데","사직","2010-05-11 18:30","SK",21,10,"롯데","정규시즌","정규시즌","패","승"
"","18:30","삼성  11:2  두산","잠실","2010-05-11 18:30","삼성",11,2,"두산","정규시즌","정규시즌","패","승"
"","18:30","넥센  2:5  KIA","광주","2010-05-11 18:30","넥센",2,5,"KIA","정규시즌","정규시즌","승","패"
"5.12 (수)","18:30","LG  7:8  한화","청주","2010-05-12 18:30","LG",7,8,"한화","정규시즌","정규시즌","승","패"
"","18:30","SK  2:1  롯데","사직","2010-05-12 18:30","SK",2,1,"롯데","정규시즌","정규시즌","패","승"
"","18:30","삼성  1:3  두산","잠실","2010-05-12 18:30","삼성",1,3,"두산","정규시즌","정규시즌","승","패"
"","18:30","넥센  6:1  KIA","광주","2010-05-12 18:30","넥센",6,1,"KIA","정규시즌","정규시즌","패","승"
"5.13 (목)","18:30","LG  6:8  한화","청주","2010-05-13 18:30","LG",6,8,"한화","정규시즌","정규시즌","승","패"
"","18:30","SK  7:4  롯데","사직","2010-05-13 18:30","SK",7,4,"롯데","정규시즌","정규시즌","패","승"
"","18:30","삼성  5:8  두산","잠실","2010-05-13 18:30","삼성",5,8,"두산","정규시즌","정규시즌","승","패"
"","18:30","넥센  2:4  KIA","광주","2010-05-13 18:30","넥센",2,4,"KIA","정규시즌","정규시즌","승","패"
"5.14 (금)","18:30","KIA  5:3  한화","대전","2010-05-14 18:30","KIA",5,3,"한화","정규시즌","정규시즌","패","승"
"","18:30","롯데  4:3  LG","잠실","2010-05-14 18:30","롯데",4,3,"LG","정규시즌","정규시즌","패","승"
"","18:30","두산  12:8  SK","문학","2010-05-14 18:30","두산",12,8,"SK","정규시즌","정규시즌","패","승"
"","18:30","삼성  5:18  넥센","목동","2010-05-14 18:30","삼성",5,18,"넥센","정규시즌","정규시즌","승","패"
"5.15 (토)","17:00","KIA  3:4  한화","대전","2010-05-15 17:00","KIA",3,4,"한화","정규시즌","정규시즌","승","패"
"","17:00","롯데  13:4  LG","잠실","2010-05-15 17:00","롯데",13,4,"LG","정규시즌","정규시즌","패","승"
"","17:00","두산  6:5  SK","문학","2010-05-15 17:00","두산",6,5,"SK","정규시즌","정규시즌","패","승"
"","17:00","삼성  5:0  넥센","목동","2010-05-15 17:00","삼성",5,0,"넥센","정규시즌","정규시즌","패","승"
"5.16 (일)","17:00","KIA  1:6  한화","대전","2010-05-16 17:00","KIA",1,6,"한화","정규시즌","정규시즌","승","패"
"","17:00","롯데  2:15  LG","잠실","2010-05-16 17:00","롯데",2,15,"LG","정규시즌","정규시즌","승","패"
"","17:00","두산  4:6  SK","문학","2010-05-16 17:00","두산",4,6,"SK","정규시즌","정규시즌","승","패"
"","17:00","삼성  8:9  넥센","목동","2010-05-16 17:00","삼성",8,9,"넥센","정규시즌","정규시즌","승","패"
"5.17 (월)","-","프로야구 경기가 없습니다.","","2010-05-17 00:00","",NA,NA,"","경기 없는 날","정규시즌",NA,NA
"5.18 (화)","-","프로야구 경기가 없습니다.","","2010-05-18 00:00","",NA,NA,"","경기 없는 날","정규시즌",NA,NA
"5.19 (수)","18:30","한화  7:4  두산","잠실","2010-05-19 18:30","한화",7,4,"두산","정규시즌","정규시즌","패","승"
"","18:30","LG  10:4  삼성","대구","2010-05-19 18:30","LG",10,4,"삼성","정규시즌","정규시즌","패","승"
"","18:30","롯데  3:2  KIA","군산","2010-05-19 18:30","롯데",3,2,"KIA","정규시즌","정규시즌","패","승"
"","18:30","넥센  16:1  SK","문학","2010-05-19 18:30","넥센",16,1,"SK","정규시즌","정규시즌","패","승"
"5.20 (목)","18:30","한화  10:5  두산","잠실","2010-05-20 18:30","한화",10,5,"두산","정규시즌","정규시즌","패","승"
"","18:30","LG  7:3  삼성","대구","2010-05-20 18:30","LG",7,3,"삼성","정규시즌","정규시즌","패","승"
"","18:30","롯데  9:4  KIA","군산","2010-05-20 18:30","롯데",9,4,"KIA","정규시즌","정규시즌","패","승"
"","18:30","넥센  4:9  SK","문학","2010-05-20 18:30","넥센",4,9,"SK","정규시즌","정규시즌","승","패"
"5.21 (금)","17:00","LG  2:0  두산","잠실","2010-05-21 17:00","LG",2,0,"두산","정규시즌","정규시즌","패","승"
"","17:00","SK  14:2  한화","대전","2010-05-21 17:00","SK",14,2,"한화","정규시즌","정규시즌","패","승"
"","17:00","삼성  3:2  롯데","사직","2010-05-21 17:00","삼성",3,2,"롯데","정규시즌","정규시즌","패","승"
"","17:00","넥센  3:5  KIA","광주","2010-05-21 17:00","넥센",3,5,"KIA","정규시즌","정규시즌","승","패"
"5.22 (토)","17:00","LG  2:5  두산","잠실","2010-05-22 17:00","LG",2,5,"두산","정규시즌","정규시즌","승","패"
"5.23 (일)","17:00","LG  7:11  두산","잠실","2010-05-23 17:00","LG",7,11,"두산","정규시즌","정규시즌","승","패"
"","17:00","넥센  3:13  KIA","광주","2010-05-23 17:00","넥센",3,13,"KIA","정규시즌","정규시즌","승","패"
"5.24 (월)","-","프로야구 경기가 없습니다.","","2010-05-24 00:00","",NA,NA,"","경기 없는 날","정규시즌",NA,NA
"5.25 (화)","18:30","KIA  4:5  LG","잠실","2010-05-25 18:30","KIA",4,5,"LG","정규시즌","정규시즌","승","패"
"","18:30","두산  7:10  롯데","사직","2010-05-25 18:30","두산",7,10,"롯데","정규시즌","정규시즌","승","패"
"","18:30","SK  1:14  삼성","대구","2010-05-25 18:30","SK",1,14,"삼성","정규시즌","정규시즌","승","패"
"","18:30","넥센  0:2  한화","대전","2010-05-25 18:30","넥센",0,2,"한화","정규시즌","정규시즌","승","패"
"5.26 (수)","18:30","KIA  4:20  LG","잠실","2010-05-26 18:30","KIA",4,20,"LG","정규시즌","정규시즌","승","패"
"","18:30","두산  3:10  롯데","사직","2010-05-26 18:30","두산",3,10,"롯데","정규시즌","정규시즌","승","패"
"","18:30","SK  1:2  삼성","대구","2010-05-26 18:30","SK",1,2,"삼성","정규시즌","정규시즌","승","패"
"","18:30","넥센  3:8  한화","대전","2010-05-26 18:30","넥센",3,8,"한화","정규시즌","정규시즌","승","패"
"5.27 (목)","18:30","KIA  15:4  LG","잠실","2010-05-27 18:30","KIA",15,4,"LG","정규시즌","정규시즌","패","승"
"","18:30","두산  10:6  롯데","사직","2010-05-27 18:30","두산",10,6,"롯데","정규시즌","정규시즌","패","승"
"","18:30","SK  5:8  삼성","대구","2010-05-27 18:30","SK",5,8,"삼성","정규시즌","정규시즌","승","패"
"","18:30","넥센  6:3  한화","대전","2010-05-27 18:30","넥센",6,3,"한화","정규시즌","정규시즌","패","승"
"5.28 (금)","18:30","한화  5:3  KIA","광주","2010-05-28 18:30","한화",5,3,"KIA","정규시즌","정규시즌","패","승"
"","18:30","LG  6:8  넥센","목동","2010-05-28 18:30","LG",6,8,"넥센","정규시즌","정규시즌","승","패"
"","18:30","롯데  5:4  SK","문학","2010-05-28 18:30","롯데",5,4,"SK","정규시즌","정규시즌","패","승"
"","18:30","삼성  2:4  두산","잠실","2010-05-28 18:30","삼성",2,4,"두산","정규시즌","정규시즌","승","패"
"5.29 (토)","17:00","한화  6:8  KIA","광주","2010-05-29 17:00","한화",6,8,"KIA","정규시즌","정규시즌","승","패"
"","17:00","LG  12:9  넥센","목동","2010-05-29 17:00","LG",12,9,"넥센","정규시즌","정규시즌","패","승"
"","17:00","롯데  2:4  SK","문학","2010-05-29 17:00","롯데",2,4,"SK","정규시즌","정규시즌","승","패"
"","17:00","삼성  12:8  두산","잠실","2010-05-29 17:00","삼성",12,8,"두산","정규시즌","정규시즌","패","승"
"5.30 (일)","17:00","한화  2:6  KIA","광주","2010-05-30 17:00","한화",2,6,"KIA","정규시즌","정규시즌","승","패"
"","17:00","LG  1:0  넥센","목동","2010-05-30 17:00","LG",1,0,"넥센","정규시즌","정규시즌","패","승"
"","17:00","롯데  4:11  SK","문학","2010-05-30 17:00","롯데",4,11,"SK","정규시즌","정규시즌","승","패"
"","17:00","삼성  7:0  두산","잠실","2010-05-30 17:00","삼성",7,0,"두산","정규시즌","정규시즌","패","승"
"5.31 (월)","-","프로야구 경기가 없습니다.","","2010-05-31 00:00","",NA,NA,"","경기 없는 날","정규시즌",NA,NA
"6.1 (화)","18:30","한화  3:0  SK","문학","2010-06-01 18:30","한화",3,0,"SK","정규시즌","정규시즌","패","승"
"","18:30","KIA  2:4  삼성","대구","2010-06-01 18:30","KIA",2,4,"삼성","정규시즌","정규시즌","승","패"
"","18:30","LG  6:5  롯데","사직","2010-06-01 18:30","LG",6,5,"롯데","정규시즌","정규시즌","패","승"
"","18:30","넥센  1:7  두산","잠실","2010-06-01 18:30","넥센",1,7,"두산","정규시즌","정규시즌","승","패"
"6.2 (수)","18:30","한화  1:2  SK","문학","2010-06-02 18:30","한화",1,2,"SK","정규시즌","정규시즌","승","패"
"","18:30","KIA  2:0  삼성","대구","2010-06-02 18:30","KIA",2,0,"삼성","정규시즌","정규시즌","패","승"
"","18:30","LG  9:6  롯데","사직","2010-06-02 18:30","LG",9,6,"롯데","정규시즌","정규시즌","패","승"
"","18:30","넥센  7:1  두산","잠실","2010-06-02 18:30","넥센",7,1,"두산","정규시즌","정규시즌","패","승"
"6.3 (목)","18:30","한화  4:3  SK","문학","2010-06-03 18:30","한화",4,3,"SK","정규시즌","정규시즌","패","승"
"","18:30","KIA  8:3  삼성","대구","2010-06-03 18:30","KIA",8,3,"삼성","정규시즌","정규시즌","패","승"
"","18:30","LG  2:11  롯데","사직","2010-06-03 18:30","LG",2,11,"롯데","정규시즌","정규시즌","승","패"
"","18:30","넥센  0:9  두산","잠실","2010-06-03 18:30","넥센",0,9,"두산","정규시즌","정규시즌","승","패"
"6.4 (금)","18:30","KIA  7:4  넥센","목동","2010-06-04 18:30","KIA",7,4,"넥센","정규시즌","정규시즌","패","승"
"","18:30","롯데  5:3  삼성","대구","2010-06-04 18:30","롯데",5,3,"삼성","정규시즌","정규시즌","패","승"
"","18:30","두산  9:5  한화","대전","2010-06-04 18:30","두산",9,5,"한화","정규시즌","정규시즌","패","승"
"","18:30","SK  7:1  LG","잠실","2010-06-04 18:30","SK",7,1,"LG","정규시즌","정규시즌","패","승"
"6.5 (토)","17:00","KIA  5:6  넥센","목동","2010-06-05 17:00","KIA",5,6,"넥센","정규시즌","정규시즌","승","패"
"","17:00","롯데  10:2  삼성","대구","2010-06-05 17:00","롯데",10,2,"삼성","정규시즌","정규시즌","패","승"
"","17:00","두산  6:10  한화","대전","2010-06-05 17:00","두산",6,10,"한화","정규시즌","정규시즌","승","패"
"","17:00","SK  4:3  LG","잠실","2010-06-05 17:00","SK",4,3,"LG","정규시즌","정규시즌","패","승"
"6.6 (일)","17:00","KIA  4:5  넥센","목동","2010-06-06 17:00","KIA",4,5,"넥센","정규시즌","정규시즌","승","패"
"","17:00","롯데  10:1  삼성","대구","2010-06-06 17:00","롯데",10,1,"삼성","정규시즌","정규시즌","패","승"
"","17:00","두산  7:1  한화","대전","2010-06-06 17:00","두산",7,1,"한화","정규시즌","정규시즌","패","승"
"","17:00","SK  3:2  LG","잠실","2010-06-06 17:00","SK",3,2,"LG","정규시즌","정규시즌","패","승"
"6.7 (월)","-","프로야구 경기가 없습니다.","","2010-06-07 00:00","",NA,NA,"","경기 없는 날","정규시즌",NA,NA
"6.8 (화)","18:30","한화  0:3  LG","잠실","2010-06-08 18:30","한화",0,3,"LG","정규시즌","정규시즌","승","패"
"","18:30","롯데  2:2  넥센","목동","2010-06-08 18:30","롯데",2,2,"넥센","정규시즌","정규시즌","무","무"
"","18:30","두산  1:2  KIA","광주","2010-06-08 18:30","두산",1,2,"KIA","정규시즌","정규시즌","승","패"
"","18:30","삼성  2:5  SK","문학","2010-06-08 18:30","삼성",2,5,"SK","정규시즌","정규시즌","승","패"
"6.9 (수)","18:30","한화  4:3  LG","잠실","2010-06-09 18:30","한화",4,3,"LG","정규시즌","정규시즌","패","승"
"","18:30","롯데  13:3  넥센","목동","2010-06-09 18:30","롯데",13,3,"넥센","정규시즌","정규시즌","패","승"
"","18:30","두산  0:7  KIA","광주","2010-06-09 18:30","두산",0,7,"KIA","정규시즌","정규시즌","승","패"
"","18:30","삼성  6:1  SK","문학","2010-06-09 18:30","삼성",6,1,"SK","정규시즌","정규시즌","패","승"
"6.10 (목)","18:30","한화  3:7  LG","잠실","2010-06-10 18:30","한화",3,7,"LG","정규시즌","정규시즌","승","패"
"","18:30","롯데  10:5  넥센","목동","2010-06-10 18:30","롯데",10,5,"넥센","정규시즌","정규시즌","패","승"
"","18:30","두산  3:1  KIA","광주","2010-06-10 18:30","두산",3,1,"KIA","정규시즌","정규시즌","패","승"
"","18:30","삼성  1:2  SK","문학","2010-06-10 18:30","삼성",1,2,"SK","정규시즌","정규시즌","승","패"
"6.11 (금)","18:30","한화  2:7  롯데","마산","2010-06-11 18:30","한화",2,7,"롯데","정규시즌","정규시즌","승","패"
"","18:30","LG  6:3  KIA","광주","2010-06-11 18:30","LG",6,3,"KIA","정규시즌","정규시즌","패","승"
"","18:30","SK  4:2  두산","잠실","2010-06-11 18:30","SK",4,2,"두산","정규시즌","정규시즌","패","승"
"","18:30","넥센  9:7  삼성","대구","2010-06-11 18:30","넥센",9,7,"삼성","정규시즌","정규시즌","패","승"
"6.12 (토)","16:00","한화  0:7  롯데","사직","2010-06-12 16:00","한화",0,7,"롯데","정규시즌","정규시즌","승","패"
"","16:00","LG  11:0  KIA","광주","2010-06-12 16:00","LG",11,0,"KIA","정규시즌","정규시즌","패","승"
"","16:00","넥센  1:4  삼성","대구","2010-06-12 16:00","넥센",1,4,"삼성","정규시즌","정규시즌","승","패"
"6.13 (일)","17:00","한화  5:4  롯데","사직","2010-06-13 17:00","한화",5,4,"롯데","정규시즌","정규시즌","패","승"
"","17:00","LG  5:9  KIA","광주","2010-06-13 17:00","LG",5,9,"KIA","정규시즌","정규시즌","승","패"
"","17:00","SK  3:9  두산","잠실","2010-06-13 17:00","SK",3,9,"두산","정규시즌","정규시즌","승","패"
"","17:00","넥센  3:1  삼성","대구","2010-06-13 17:00","넥센",3,1,"삼성","정규시즌","정규시즌","패","승"
"6.14 (월)","-","프로야구 경기가 없습니다.","","2010-06-14 00:00","",NA,NA,"","경기 없는 날","정규시즌",NA,NA
"6.15 (화)","18:30","KIA  7:1  한화","대전","2010-06-15 18:30","KIA",7,1,"한화","정규시즌","정규시즌","패","승"
"","18:30","두산  14:9  LG","잠실","2010-06-15 18:30","두산",14,9,"LG","정규시즌","정규시즌","패","승"
"","18:30","SK  2:1  넥센","목동","2010-06-15 18:30","SK",2,1,"넥센","정규시즌","정규시즌","패","승"
"","18:30","삼성  9:5  롯데","사직","2010-06-15 18:30","삼성",9,5,"롯데","정규시즌","정규시즌","패","승"
"6.16 (수)","18:30","KIA  8:1  한화","대전","2010-06-16 18:30","KIA",8,1,"한화","정규시즌","정규시즌","패","승"
"","18:30","두산  10:6  LG","잠실","2010-06-16 18:30","두산",10,6,"LG","정규시즌","정규시즌","패","승"
"","18:30","SK  10:2  넥센","목동","2010-06-16 18:30","SK",10,2,"넥센","정규시즌","정규시즌","패","승"
"","18:30","삼성  11:7  롯데","사직","2010-06-16 18:30","삼성",11,7,"롯데","정규시즌","정규시즌","패","승"
"6.17 (목)","16:30","KIA  7:6  한화","대전","2010-06-17 16:30","KIA",7,6,"한화","정규시즌","정규시즌","패","승"
"","16:30","두산  5:6  LG","잠실","2010-06-17 16:30","두산",5,6,"LG","정규시즌","정규시즌","승","패"
"","16:30","SK  4:11  넥센","목동","2010-06-17 16:30","SK",4,11,"넥센","정규시즌","정규시즌","승","패"
"","16:30","삼성  2:2  롯데","사직","2010-06-17 16:30","삼성",2,2,"롯데","정규시즌","정규시즌","무","무"
"6.18 (금)","18:30","한화  7:2  삼성","대구","2010-06-18 18:30","한화",7,2,"삼성","정규시즌","정규시즌","패","승"
"","18:30","KIA  3:4  SK","문학","2010-06-18 18:30","KIA",3,4,"SK","정규시즌","정규시즌","승","패"
"","18:30","롯데  4:7  LG","잠실","2010-06-18 18:30","롯데",4,7,"LG","정규시즌","정규시즌","승","패"
"6.19 (토)","17:00","한화  3:2  삼성","대구","2010-06-19 17:00","한화",3,2,"삼성","정규시즌","정규시즌","패","승"
"","17:00","KIA  4:10  SK","문학","2010-06-19 17:00","KIA",4,10,"SK","정규시즌","정규시즌","승","패"
"","17:00","롯데  8:9  LG","잠실","2010-06-19 17:00","롯데",8,9,"LG","정규시즌","정규시즌","승","패"
"","17:00","두산  8:5  넥센","목동","2010-06-19 17:00","두산",8,5,"넥센","정규시즌","정규시즌","패","승"
"6.20 (일)","17:00","한화  3:6  삼성","대구","2010-06-20 17:00","한화",3,6,"삼성","정규시즌","정규시즌","승","패"
"","17:00","KIA  0:4  SK","문학","2010-06-20 17:00","KIA",0,4,"SK","정규시즌","정규시즌","승","패"
"","17:00","롯데  10:5  LG","잠실","2010-06-20 17:00","롯데",10,5,"LG","정규시즌","정규시즌","패","승"
"","17:00","두산  1:2  넥센","목동","2010-06-20 17:00","두산",1,2,"넥센","정규시즌","정규시즌","승","패"
"6.21 (월)","-","프로야구 경기가 없습니다.","","2010-06-21 00:00","",NA,NA,"","경기 없는 날","정규시즌",NA,NA
"6.22 (화)","18:30","한화  2:3  롯데","마산","2010-06-22 18:30","한화",2,3,"롯데","정규시즌","정규시즌","승","패"
"","18:30","LG  4:11  SK","문학","2010-06-22 18:30","LG",4,11,"SK","정규시즌","정규시즌","승","패"
"","18:30","삼성  5:8  두산","잠실","2010-06-22 18:30","삼성",5,8,"두산","정규시즌","정규시즌","승","패"
"","18:30","넥센  10:3  KIA","광주","2010-06-22 18:30","넥센",10,3,"KIA","정규시즌","정규시즌","패","승"
"6.23 (수)","18:30","한화  1:3  롯데","마산","2010-06-23 18:30","한화",1,3,"롯데","정규시즌","정규시즌","승","패"
"","18:30","LG  10:3  SK","문학","2010-06-23 18:30","LG",10,3,"SK","정규시즌","정규시즌","패","승"
"","18:30","삼성  10:1  두산","잠실","2010-06-23 18:30","삼성",10,1,"두산","정규시즌","정규시즌","패","승"
"","18:30","넥센  3:2  KIA","광주","2010-06-23 18:30","넥센",3,2,"KIA","정규시즌","정규시즌","패","승"
"6.24 (목)","18:30","한화  5:9  롯데","마산","2010-06-24 18:30","한화",5,9,"롯데","정규시즌","정규시즌","승","패"
"","18:30","LG  2:9  SK","문학","2010-06-24 18:30","LG",2,9,"SK","정규시즌","정규시즌","승","패"
"","18:30","삼성  5:3  두산","잠실","2010-06-24 18:30","삼성",5,3,"두산","정규시즌","정규시즌","패","승"
"","18:30","넥센  7:3  KIA","광주","2010-06-24 18:30","넥센",7,3,"KIA","정규시즌","정규시즌","패","승"
"6.25 (금)","18:30","KIA  5:10  두산","잠실","2010-06-25 18:30","KIA",5,10,"두산","정규시즌","정규시즌","승","패"
"","18:30","LG  13:8  한화","대전","2010-06-25 18:30","LG",13,8,"한화","정규시즌","정규시즌","패","승"
"","18:30","삼성  8:5  넥센","목동","2010-06-25 18:30","삼성",8,5,"넥센","정규시즌","정규시즌","패","승"
"6.26 (토)","17:00","KIA  0:8  두산","잠실","2010-06-26 17:00","KIA",0,8,"두산","정규시즌","정규시즌","승","패"
"","17:00","LG  7:2  한화","대전","2010-06-26 17:00","LG",7,2,"한화","정규시즌","정규시즌","패","승"
"","17:00","삼성  8:3  넥센","목동","2010-06-26 17:00","삼성",8,3,"넥센","정규시즌","정규시즌","패","승"
"6.27 (일)","17:00","KIA  3:6  두산","잠실","2010-06-27 17:00","KIA",3,6,"두산","정규시즌","정규시즌","승","패"
"","17:00","LG  2:7  한화","대전","2010-06-27 17:00","LG",2,7,"한화","정규시즌","정규시즌","승","패"
"","17:00","SK  6:4  롯데","사직","2010-06-27 17:00","SK",6,4,"롯데","정규시즌","정규시즌","패","승"
"","17:00","삼성  2:1  넥센","목동","2010-06-27 17:00","삼성",2,1,"넥센","정규시즌","정규시즌","패","승"
"6.28 (월)","-","프로야구 경기가 없습니다.","","2010-06-28 00:00","",NA,NA,"","경기 없는 날","정규시즌",NA,NA
"6.29 (화)","18:30","롯데  1:6  삼성","대구","2010-06-29 18:30","롯데",1,6,"삼성","정규시즌","정규시즌","승","패"
"","18:30","두산  10:2  한화","대전","2010-06-29 18:30","두산",10,2,"한화","정규시즌","정규시즌","패","승"
"","18:30","SK  6:5  KIA","광주","2010-06-29 18:30","SK",6,5,"KIA","정규시즌","정규시즌","패","승"
"","18:30","넥센  4:8  LG","잠실","2010-06-29 18:30","넥센",4,8,"LG","정규시즌","정규시즌","승","패"
"6.30 (수)","18:30","롯데  3:4  삼성","대구","2010-06-30 18:30","롯데",3,4,"삼성","정규시즌","정규시즌","승","패"
"","18:30","두산  1:0  한화","대전","2010-06-30 18:30","두산",1,0,"한화","정규시즌","정규시즌","패","승"
"","18:30","SK  10:5  KIA","광주","2010-06-30 18:30","SK",10,5,"KIA","정규시즌","정규시즌","패","승"
"","18:30","넥센  7:3  LG","잠실","2010-06-30 18:30","넥센",7,3,"LG","정규시즌","정규시즌","패","승"
"7.1 (목)","18:30","롯데  6:7  삼성","대구","2010-07-01 18:30","롯데",6,7,"삼성","정규시즌","정규시즌","승","패"
"","18:30","두산  4:3  한화","대전","2010-07-01 18:30","두산",4,3,"한화","정규시즌","정규시즌","패","승"
"","18:30","SK  8:2  KIA","광주","2010-07-01 18:30","SK",8,2,"KIA","정규시즌","정규시즌","패","승"
"","18:30","넥센  12:5  LG","잠실","2010-07-01 18:30","넥센",12,5,"LG","정규시즌","정규시즌","패","승"
"7.2 (금)","-","프로야구 경기가 없습니다.","","2010-07-02 00:00","",NA,NA,"","경기 없는 날","정규시즌",NA,NA
"7.3 (토)","17:00","한화  7:2  넥센","목동","2010-07-03 17:00","한화",7,2,"넥센","정규시즌","정규시즌","패","승"
"","17:00","KIA  0:3  삼성","대구","2010-07-03 17:00","KIA",0,3,"삼성","정규시즌","정규시즌","승","패"
"","17:00","롯데  14:13  LG","잠실","2010-07-03 17:00","롯데",14,13,"LG","정규시즌","정규시즌","패","승"
"","17:00","두산  7:8  SK","문학","2010-07-03 17:00","두산",7,8,"SK","정규시즌","정규시즌","승","패"
"7.4 (일)","17:00","한화  7:1  넥센","목동","2010-07-04 17:00","한화",7,1,"넥센","정규시즌","정규시즌","패","승"
"","17:00","KIA  3:5  삼성","대구","2010-07-04 17:00","KIA",3,5,"삼성","정규시즌","정규시즌","승","패"
"","17:00","롯데  6:2  LG","잠실","2010-07-04 17:00","롯데",6,2,"LG","정규시즌","정규시즌","패","승"
"","17:00","두산  2:4  SK","문학","2010-07-04 17:00","두산",2,4,"SK","정규시즌","정규시즌","승","패"
"7.5 (월)","-","프로야구 경기가 없습니다.","","2010-07-05 00:00","",NA,NA,"","경기 없는 날","정규시즌",NA,NA
"7.6 (화)","18:30","KIA  2:7  두산","잠실","2010-07-06 18:30","KIA",2,7,"두산","정규시즌","정규시즌","승","패"
"","18:30","LG  6:2  한화","대전","2010-07-06 18:30","LG",6,2,"한화","정규시즌","정규시즌","패","승"
"","18:30","삼성  4:0  SK","문학","2010-07-06 18:30","삼성",4,0,"SK","정규시즌","정규시즌","패","승"
"","18:30","넥센  4:6  롯데","마산","2010-07-06 18:30","넥센",4,6,"롯데","정규시즌","정규시즌","승","패"
"7.7 (수)","18:30","LG  7:10  한화","대전","2010-07-07 18:30","LG",7,10,"한화","정규시즌","정규시즌","승","패"
"","18:30","삼성  9:6  SK","문학","2010-07-07 18:30","삼성",9,6,"SK","정규시즌","정규시즌","패","승"
"","18:30","넥센  3:2  롯데","마산","2010-07-07 18:30","넥센",3,2,"롯데","정규시즌","정규시즌","패","승"
"7.8 (목)","18:30","KIA  2:5  두산","잠실","2010-07-08 18:30","KIA",2,5,"두산","정규시즌","정규시즌","승","패"
"","18:30","LG  1:4  한화","대전","2010-07-08 18:30","LG",1,4,"한화","정규시즌","정규시즌","승","패"
"","18:30","삼성  0:6  SK","문학","2010-07-08 18:30","삼성",0,6,"SK","정규시즌","정규시즌","승","패"
"","18:30","넥센  4:10  롯데","마산","2010-07-08 18:30","넥센",4,10,"롯데","정규시즌","정규시즌","승","패"
"7.9 (금)","18:30","한화  2:4  KIA","광주","2010-07-09 18:30","한화",2,4,"KIA","정규시즌","정규시즌","승","패"
"","18:30","두산  7:9  LG","잠실","2010-07-09 18:30","두산",7,9,"LG","정규시즌","정규시즌","승","패"
"","18:30","SK  4:5  롯데","사직","2010-07-09 18:30","SK",4,5,"롯데","정규시즌","정규시즌","승","패"
"","18:30","삼성  8:7  넥센","목동","2010-07-09 18:30","삼성",8,7,"넥센","정규시즌","정규시즌","패","승"
"7.10 (토)","17:00","한화  3:12  KIA","광주","2010-07-10 17:00","한화",3,12,"KIA","정규시즌","정규시즌","승","패"
"","17:00","두산  6:16  LG","잠실","2010-07-10 17:00","두산",6,16,"LG","정규시즌","정규시즌","승","패"
"","17:00","SK  6:2  롯데","사직","2010-07-10 17:00","SK",6,2,"롯데","정규시즌","정규시즌","패","승"
"","17:00","삼성  3:1  넥센","목동","2010-07-10 17:00","삼성",3,1,"넥센","정규시즌","정규시즌","패","승"
"7.11 (일)","17:00","두산  5:0  LG","잠실","2010-07-11 17:00","두산",5,0,"LG","정규시즌","정규시즌","패","승"
"","17:00","삼성  2:1  넥센","목동","2010-07-11 17:00","삼성",2,1,"넥센","정규시즌","정규시즌","패","승"
"7.12 (월)","-","프로야구 경기가 없습니다.","","2010-07-12 00:00","",NA,NA,"","경기 없는 날","정규시즌",NA,NA
"7.13 (화)","18:30","한화  3:7  SK","문학","2010-07-13 18:30","한화",3,7,"SK","정규시즌","정규시즌","승","패"
"","18:30","롯데  9:2  넥센","목동","2010-07-13 18:30","롯데",9,2,"넥센","정규시즌","정규시즌","패","승"
"","18:30","두산  6:9  삼성","대구","2010-07-13 18:30","두산",6,9,"삼성","정규시즌","정규시즌","승","패"
"7.14 (수)","18:30","한화  8:5  SK","문학","2010-07-14 18:30","한화",8,5,"SK","정규시즌","정규시즌","패","승"
"","18:30","KIA  1:3  LG","잠실","2010-07-14 18:30","KIA",1,3,"LG","정규시즌","정규시즌","승","패"
"","18:30","롯데  2:2  넥센","목동","2010-07-14 18:30","롯데",2,2,"넥센","정규시즌","정규시즌","무","무"
"","18:30","두산  8:4  삼성","대구","2010-07-14 18:30","두산",8,4,"삼성","정규시즌","정규시즌","패","승"
"7.15 (목)","18:30","한화  7:8  SK","문학","2010-07-15 18:30","한화",7,8,"SK","정규시즌","정규시즌","승","패"
"","18:30","KIA  5:6  LG","잠실","2010-07-15 18:30","KIA",5,6,"LG","정규시즌","정규시즌","승","패"
"","18:30","롯데  4:9  넥센","목동","2010-07-15 18:30","롯데",4,9,"넥센","정규시즌","정규시즌","승","패"
"","18:30","두산  4:9  삼성","대구","2010-07-15 18:30","두산",4,9,"삼성","정규시즌","정규시즌","승","패"
"7.16 (금)","-","프로야구 경기가 없습니다.","","2010-07-16 00:00","",NA,NA,"","경기 없는 날","정규시즌",NA,NA
"7.17 (토)","17:00","LG  2:3  삼성","대구","2010-07-17 17:00","LG",2,3,"삼성","정규시즌","정규시즌","승","패"
"","17:00","SK  9:3  KIA","군산","2010-07-17 17:00","SK",9,3,"KIA","정규시즌","정규시즌","패","승"
"","17:00","넥센  5:3  한화","대전","2010-07-17 17:00","넥센",5,3,"한화","정규시즌","정규시즌","패","승"
"7.18 (일)","17:00","LG  0:7  삼성","대구","2010-07-18 17:00","LG",0,7,"삼성","정규시즌","정규시즌","승","패"
"","17:00","롯데  1:3  두산","잠실","2010-07-18 17:00","롯데",1,3,"두산","정규시즌","정규시즌","승","패"
"","17:00","SK  8:2  KIA","군산","2010-07-18 17:00","SK",8,2,"KIA","정규시즌","정규시즌","패","승"
"","17:00","넥센  3:7  한화","대전","2010-07-18 17:00","넥센",3,7,"한화","정규시즌","정규시즌","승","패"
"7.19 (월)","-","프로야구 경기가 없습니다.","","2010-07-19 00:00","",NA,NA,"","경기 없는 날","정규시즌",NA,NA
"7.20 (화)","18:30","LG  5:8  두산","잠실","2010-07-20 18:30","LG",5,8,"두산","정규시즌","정규시즌","승","패"
"","18:30","롯데  3:4  한화","대전","2010-07-20 18:30","롯데",3,4,"한화","정규시즌","정규시즌","승","패"
"","18:30","SK  7:5  넥센","목동","2010-07-20 18:30","SK",7,5,"넥센","정규시즌","정규시즌","패","승"
"","18:30","삼성  7:3  KIA","광주","2010-07-20 18:30","삼성",7,3,"KIA","정규시즌","정규시즌","패","승"
"7.21 (수)","18:30","LG  4:6  두산","잠실","2010-07-21 18:30","LG",4,6,"두산","정규시즌","정규시즌","승","패"
"","18:30","롯데  0:1  한화","대전","2010-07-21 18:30","롯데",0,1,"한화","정규시즌","정규시즌","승","패"
"","18:30","SK  3:10  넥센","목동","2010-07-21 18:30","SK",3,10,"넥센","정규시즌","정규시즌","승","패"
"","18:30","삼성  0:5  KIA","광주","2010-07-21 18:30","삼성",0,5,"KIA","정규시즌","정규시즌","승","패"
"7.22 (목)","18:30","LG  1:5  두산","잠실","2010-07-22 18:30","LG",1,5,"두산","정규시즌","정규시즌","승","패"
"","18:30","롯데  9:1  한화","대전","2010-07-22 18:30","롯데",9,1,"한화","정규시즌","정규시즌","패","승"
"","18:30","SK  1:3  넥센","목동","2010-07-22 18:30","SK",1,3,"넥센","정규시즌","정규시즌","승","패"
"","18:30","삼성  10:5  KIA","광주","2010-07-22 18:30","삼성",10,5,"KIA","정규시즌","정규시즌","패","승"
"7.23 (금)","-","프로야구 경기가 없습니다.","","2010-07-23 00:00","",NA,NA,"","경기 없는 날","정규시즌",NA,NA
"7.24 (토)","18:30","웨스턴  8:9  이스턴","대구","2010-07-24 18:30","웨스턴",8,9,"이스턴","올스타","올스타","승","패"
"7.25 (일)","-","프로야구 경기가 없습니다.","","2010-07-25 00:00","",NA,NA,"","경기 없는 날","정규시즌",NA,NA
"7.26 (월)","-","프로야구 경기가 없습니다.","","2010-07-26 00:00","",NA,NA,"","경기 없는 날","정규시즌",NA,NA
"7.27 (화)","18:30","KIA  7:5  롯데","사직","2010-07-27 18:30","KIA",7,5,"롯데","정규시즌","정규시즌","패","승"
"","18:30","두산  4:3  넥센","목동","2010-07-27 18:30","두산",4,3,"넥센","정규시즌","정규시즌","패","승"
"","18:30","SK  0:4  LG","잠실","2010-07-27 18:30","SK",0,4,"LG","정규시즌","정규시즌","승","패"
"7.28 (수)","18:30","두산  5:1  넥센","목동","2010-07-28 18:30","두산",5,1,"넥센","정규시즌","정규시즌","패","승"
"","18:30","SK  8:9  LG","잠실","2010-07-28 18:30","SK",8,9,"LG","정규시즌","정규시즌","승","패"
"","18:30","삼성  3:2  한화","대전","2010-07-28 18:30","삼성",3,2,"한화","정규시즌","정규시즌","패","승"
"7.29 (목)","18:30","KIA  12:5  롯데","사직","2010-07-29 18:30","KIA",12,5,"롯데","정규시즌","정규시즌","패","승"
"","18:30","두산  2:2  넥센","목동","2010-07-29 18:30","두산",2,2,"넥센","정규시즌","정규시즌","무","무"
"","18:30","SK  5:3  LG","잠실","2010-07-29 18:30","SK",5,3,"LG","정규시즌","정규시즌","패","승"
"","18:30","삼성  9:2  한화","대전","2010-07-29 18:30","삼성",9,2,"한화","정규시즌","정규시즌","패","승"
"7.30 (금)","18:30","한화  4:2  두산","잠실","2010-07-30 18:30","한화",4,2,"두산","정규시즌","정규시즌","패","승"
"","18:30","KIA  1:2  SK","문학","2010-07-30 18:30","KIA",1,2,"SK","정규시즌","정규시즌","승","패"
"","18:30","LG  9:17  롯데","사직","2010-07-30 18:30","LG",9,17,"롯데","정규시즌","정규시즌","승","패"
"","18:30","넥센  1:3  삼성","대구","2010-07-30 18:30","넥센",1,3,"삼성","정규시즌","정규시즌","승","패"
"7.31 (토)","17:00","한화  6:3  두산","잠실","2010-07-31 17:00","한화",6,3,"두산","정규시즌","정규시즌","패","승"
"","17:00","KIA  4:1  SK","문학","2010-07-31 17:00","KIA",4,1,"SK","정규시즌","정규시즌","패","승"
"","17:00","LG  8:10  롯데","사직","2010-07-31 17:00","LG",8,10,"롯데","정규시즌","정규시즌","승","패"
"","17:00","넥센  3:9  삼성","대구","2010-07-31 17:00","넥센",3,9,"삼성","정규시즌","정규시즌","승","패"
"8.1 (일)","17:00","한화  2:3  두산","잠실","2010-08-01 17:00","한화",2,3,"두산","정규시즌","정규시즌","승","패"
"","17:00","KIA  7:0  SK","문학","2010-08-01 17:00","KIA",7,0,"SK","정규시즌","정규시즌","패","승"
"","17:00","LG  3:5  롯데","사직","2010-08-01 17:00","LG",3,5,"롯데","정규시즌","정규시즌","승","패"
"","17:00","넥센  6:3  삼성","대구","2010-08-01 17:00","넥센",6,3,"삼성","정규시즌","정규시즌","패","승"
"8.2 (월)","-","프로야구 경기가 없습니다.","","2010-08-02 00:00","",NA,NA,"","경기 없는 날","정규시즌",NA,NA
"8.3 (화)","18:30","한화  6:2  넥센","목동","2010-08-03 18:30","한화",6,2,"넥센","정규시즌","정규시즌","패","승"
"","18:30","LG  3:12  KIA","광주","2010-08-03 18:30","LG",3,12,"KIA","정규시즌","정규시즌","승","패"
"","18:30","롯데  7:1  두산","잠실","2010-08-03 18:30","롯데",7,1,"두산","정규시즌","정규시즌","패","승"
"","18:30","SK  7:4  삼성","대구","2010-08-03 18:30","SK",7,4,"삼성","정규시즌","정규시즌","패","승"
"8.4 (수)","18:30","한화  2:5  넥센","목동","2010-08-04 18:30","한화",2,5,"넥센","정규시즌","정규시즌","승","패"
"","18:30","LG  11:5  KIA","광주","2010-08-04 18:30","LG",11,5,"KIA","정규시즌","정규시즌","패","승"
"","18:30","롯데  4:13  두산","잠실","2010-08-04 18:30","롯데",4,13,"두산","정규시즌","정규시즌","승","패"
"","18:30","SK  2:5  삼성","대구","2010-08-04 18:30","SK",2,5,"삼성","정규시즌","정규시즌","승","패"
"8.5 (목)","18:30","한화  8:11  넥센","목동","2010-08-05 18:30","한화",8,11,"넥센","정규시즌","정규시즌","승","패"
"","18:30","LG  2:11  KIA","광주","2010-08-05 18:30","LG",2,11,"KIA","정규시즌","정규시즌","승","패"
"","18:30","롯데  4:1  두산","잠실","2010-08-05 18:30","롯데",4,1,"두산","정규시즌","정규시즌","패","승"
"","18:30","SK  5:1  삼성","대구","2010-08-05 18:30","SK",5,1,"삼성","정규시즌","정규시즌","패","승"
"8.6 (금)","18:30","롯데  11:3  한화","대전","2010-08-06 18:30","롯데",11,3,"한화","정규시즌","정규시즌","패","승"
"","18:30","두산  3:2  KIA","군산","2010-08-06 18:30","두산",3,2,"KIA","정규시즌","정규시즌","패","승"
"","18:30","삼성  3:8  LG","잠실","2010-08-06 18:30","삼성",3,8,"LG","정규시즌","정규시즌","승","패"
"","18:30","넥센  4:8  SK","문학","2010-08-06 18:30","넥센",4,8,"SK","정규시즌","정규시즌","승","패"
"8.7 (토)","17:00","롯데  4:12  한화","대전","2010-08-07 17:00","롯데",4,12,"한화","정규시즌","정규시즌","승","패"
"","17:00","두산  2:6  KIA","군산","2010-08-07 17:00","두산",2,6,"KIA","정규시즌","정규시즌","승","패"
"","17:00","삼성  4:2  LG","잠실","2010-08-07 17:00","삼성",4,2,"LG","정규시즌","정규시즌","패","승"
"","17:00","넥센  6:5  SK","문학","2010-08-07 17:00","넥센",6,5,"SK","정규시즌","정규시즌","패","승"
"8.8 (일)","17:00","롯데  2:4  한화","대전","2010-08-08 17:00","롯데",2,4,"한화","정규시즌","정규시즌","승","패"
"","17:00","두산  6:5  KIA","군산","2010-08-08 17:00","두산",6,5,"KIA","정규시즌","정규시즌","패","승"
"","17:00","삼성  8:3  LG","잠실","2010-08-08 17:00","삼성",8,3,"LG","정규시즌","정규시즌","패","승"
"","17:00","넥센  3:5  SK","문학","2010-08-08 17:00","넥센",3,5,"SK","정규시즌","정규시즌","승","패"
"8.9 (월)","-","프로야구 경기가 없습니다.","","2010-08-09 00:00","",NA,NA,"","경기 없는 날","정규시즌",NA,NA
"8.10 (화)","-","프로야구 경기가 없습니다.","","2010-08-10 00:00","",NA,NA,"","경기 없는 날","정규시즌",NA,NA
"8.11 (수)","18:30","KIA  11:2  한화","청주","2010-08-11 18:30","KIA",11,2,"한화","정규시즌","정규시즌","패","승"
"","18:30","LG  1:5  SK","문학","2010-08-11 18:30","LG",1,5,"SK","정규시즌","정규시즌","승","패"
"","18:30","삼성  2:8  롯데","사직","2010-08-11 18:30","삼성",2,8,"롯데","정규시즌","정규시즌","승","패"
"","18:30","넥센  4:5  두산","잠실","2010-08-11 18:30","넥센",4,5,"두산","정규시즌","정규시즌","승","패"
"8.12 (목)","18:30","KIA  5:3  한화","청주","2010-08-12 18:30","KIA",5,3,"한화","정규시즌","정규시즌","패","승"
"","18:30","삼성  10:7  롯데","사직","2010-08-12 18:30","삼성",10,7,"롯데","정규시즌","정규시즌","패","승"
"8.13 (금)","18:30","한화  5:11  삼성","대구","2010-08-13 18:30","한화",5,11,"삼성","정규시즌","정규시즌","승","패"
"","18:30","LG  3:1  넥센","목동","2010-08-13 18:30","LG",3,1,"넥센","정규시즌","정규시즌","패","승"
"","18:30","롯데  2:7  KIA","광주","2010-08-13 18:30","롯데",2,7,"KIA","정규시즌","정규시즌","승","패"
"","18:30","SK  4:7  두산","잠실","2010-08-13 18:30","SK",4,7,"두산","정규시즌","정규시즌","승","패"
"8.14 (토)","17:00","한화  2:8  삼성","대구","2010-08-14 17:00","한화",2,8,"삼성","정규시즌","정규시즌","승","패"
"","17:00","LG  6:8  넥센","목동","2010-08-14 17:00","LG",6,8,"넥센","정규시즌","정규시즌","승","패"
"","17:00","롯데  10:2  KIA","광주","2010-08-14 17:00","롯데",10,2,"KIA","정규시즌","정규시즌","패","승"
"8.15 (일)","17:00","한화  4:5  삼성","대구","2010-08-15 17:00","한화",4,5,"삼성","정규시즌","정규시즌","승","패"
"","17:00","LG  3:4  넥센","목동","2010-08-15 17:00","LG",3,4,"넥센","정규시즌","정규시즌","승","패"
"","17:00","롯데  2:3  KIA","광주","2010-08-15 17:00","롯데",2,3,"KIA","정규시즌","정규시즌","승","패"
"","17:00","SK  5:9  두산","잠실","2010-08-15 17:00","SK",5,9,"두산","정규시즌","정규시즌","승","패"
"8.16 (월)","-","프로야구 경기가 없습니다.","","2010-08-16 00:00","",NA,NA,"","경기 없는 날","정규시즌",NA,NA
"8.17 (화)","18:30","한화  2:2  LG","잠실","2010-08-17 18:30","한화",2,2,"LG","정규시즌","정규시즌","무","무"
"","18:30","KIA  7:0  넥센","목동","2010-08-17 18:30","KIA",7,0,"넥센","정규시즌","정규시즌","패","승"
"","18:30","롯데  5:0  SK","문학","2010-08-17 18:30","롯데",5,0,"SK","정규시즌","정규시즌","패","승"
"","18:30","두산  1:3  삼성","대구","2010-08-17 18:30","두산",1,3,"삼성","정규시즌","정규시즌","승","패"
"8.18 (수)","18:30","한화  0:12  LG","잠실","2010-08-18 18:30","한화",0,12,"LG","정규시즌","정규시즌","승","패"
"","18:30","KIA  1:3  넥센","목동","2010-08-18 18:30","KIA",1,3,"넥센","정규시즌","정규시즌","승","패"
"","18:30","롯데  9:5  SK","문학","2010-08-18 18:30","롯데",9,5,"SK","정규시즌","정규시즌","패","승"
"","18:30","두산  10:1  삼성","대구","2010-08-18 18:30","두산",10,1,"삼성","정규시즌","정규시즌","패","승"
"8.19 (목)","18:30","한화  4:18  LG","잠실","2010-08-19 18:30","한화",4,18,"LG","정규시즌","정규시즌","승","패"
"","18:30","KIA  6:3  넥센","목동","2010-08-19 18:30","KIA",6,3,"넥센","정규시즌","정규시즌","패","승"
"","18:30","롯데  6:3  SK","문학","2010-08-19 18:30","롯데",6,3,"SK","정규시즌","정규시즌","패","승"
"","18:30","두산  7:3  삼성","대구","2010-08-19 18:30","두산",7,3,"삼성","정규시즌","정규시즌","패","승"
"8.20 (금)","18:30","두산  6:8  롯데","사직","2010-08-20 18:30","두산",6,8,"롯데","정규시즌","정규시즌","승","패"
"","18:30","SK  4:5  한화","대전","2010-08-20 18:30","SK",4,5,"한화","정규시즌","정규시즌","승","패"
"","18:30","삼성  9:5  KIA","광주","2010-08-20 18:30","삼성",9,5,"KIA","정규시즌","정규시즌","패","승"
"","18:30","넥센  5:4  LG","잠실","2010-08-20 18:30","넥센",5,4,"LG","정규시즌","정규시즌","패","승"
"8.21 (토)","17:00","두산  4:14  롯데","사직","2010-08-21 17:00","두산",4,14,"롯데","정규시즌","정규시즌","승","패"
"","17:00","SK  11:5  한화","대전","2010-08-21 17:00","SK",11,5,"한화","정규시즌","정규시즌","패","승"
"","17:00","삼성  6:4  KIA","광주","2010-08-21 17:00","삼성",6,4,"KIA","정규시즌","정규시즌","패","승"
"","17:00","넥센  3:4  LG","잠실","2010-08-21 17:00","넥센",3,4,"LG","정규시즌","정규시즌","승","패"
"8.22 (일)","17:00","두산  3:8  롯데","사직","2010-08-22 17:00","두산",3,8,"롯데","정규시즌","정규시즌","승","패"
"","17:00","SK  6:1  한화","대전","2010-08-22 17:00","SK",6,1,"한화","정규시즌","정규시즌","패","승"
"","17:00","삼성  4:3  KIA","광주","2010-08-22 17:00","삼성",4,3,"KIA","정규시즌","정규시즌","패","승"
"","17:00","넥센  2:6  LG","잠실","2010-08-22 17:00","넥센",2,6,"LG","정규시즌","정규시즌","승","패"
"8.23 (월)","-","프로야구 경기가 없습니다.","","2010-08-23 00:00","",NA,NA,"","경기 없는 날","정규시즌",NA,NA
"8.24 (화)","18:30","KIA  7:5  롯데","사직","2010-08-24 18:30","KIA",7,5,"롯데","정규시즌","정규시즌","패","승"
"","18:30","LG  2:2  두산","잠실","2010-08-24 18:30","LG",2,2,"두산","정규시즌","정규시즌","무","무"
"8.25 (수)","18:30","한화  6:10  두산","잠실","2010-08-25 18:30","한화",6,10,"두산","정규시즌","정규시즌","승","패"
"","18:30","LG  8:7  KIA","광주","2010-08-25 18:30","LG",8,7,"KIA","정규시즌","정규시즌","패","승"
"","18:30","넥센  2:6  SK","문학","2010-08-25 18:30","넥센",2,6,"SK","정규시즌","정규시즌","승","패"
"8.26 (목)","18:30","한화  6:4  넥센","목동","2010-08-26 18:30","한화",6,4,"넥센","정규시즌","정규시즌","패","승"
"","18:30","두산  4:6  삼성","대구","2010-08-26 18:30","두산",4,6,"삼성","정규시즌","정규시즌","승","패"
"","18:30","SK  7:0  KIA","광주","2010-08-26 18:30","SK",7,0,"KIA","정규시즌","정규시즌","패","승"
"8.27 (금)","18:30","한화  4:5  넥센","목동","2010-08-27 18:30","한화",4,5,"넥센","정규시즌","정규시즌","승","패"
"","18:30","두산  5:6  롯데","사직","2010-08-27 18:30","두산",5,6,"롯데","정규시즌","정규시즌","승","패"
"","18:30","SK  2:3  KIA","광주","2010-08-27 18:30","SK",2,3,"KIA","정규시즌","정규시즌","승","패"
"8.28 (토)","17:00","두산  1:2  한화","대전","2010-08-28 17:00","두산",1,2,"한화","정규시즌","정규시즌","승","패"
"","17:00","SK  10:5  롯데","사직","2010-08-28 17:00","SK",10,5,"롯데","정규시즌","정규시즌","패","승"
"","17:00","삼성  2:0  LG","잠실","2010-08-28 17:00","삼성",2,0,"LG","정규시즌","정규시즌","패","승"
"8.29 (일)","17:00","두산  9:3  한화","대전","2010-08-29 17:00","두산",9,3,"한화","정규시즌","정규시즌","패","승"
"","17:00","SK  8:5  롯데","사직","2010-08-29 17:00","SK",8,5,"롯데","정규시즌","정규시즌","패","승"
"","17:00","넥센  3:2  KIA","광주","2010-08-29 17:00","넥센",3,2,"KIA","정규시즌","정규시즌","패","승"
"8.30 (월)","-","프로야구 경기가 없습니다.","","2010-08-30 00:00","",NA,NA,"","경기 없는 날","정규시즌",NA,NA
"8.31 (화)","18:30","KIA  7:5  삼성","대구","2010-08-31 18:30","KIA",7,5,"삼성","정규시즌","정규시즌","패","승"
"","18:30","넥센  5:6  LG","잠실","2010-08-31 18:30","넥센",5,6,"LG","정규시즌","정규시즌","승","패"
"9.1 (수)","18:30","LG  8:7  롯데","사직","2010-09-01 18:30","LG",8,7,"롯데","정규시즌","정규시즌","패","승"
"","18:30","SK  3:0  두산","잠실","2010-09-01 18:30","SK",3,0,"두산","정규시즌","정규시즌","패","승"
"","18:30","삼성  4:5  넥센","목동","2010-09-01 18:30","삼성",4,5,"넥센","정규시즌","정규시즌","승","패"
"9.2 (목)","18:30","롯데  6:1  KIA","광주","2010-09-02 18:30","롯데",6,1,"KIA","정규시즌","정규시즌","패","승"
"","18:30","삼성  8:2  한화","대전","2010-09-02 18:30","삼성",8,2,"한화","정규시즌","정규시즌","패","승"
"9.3 (금)","18:30","롯데  10:6  KIA","광주","2010-09-03 18:30","롯데",10,6,"KIA","정규시즌","정규시즌","패","승"
"","18:30","SK  10:2  두산","잠실","2010-09-03 18:30","SK",10,2,"두산","정규시즌","정규시즌","패","승"
"","18:30","삼성  6:2  한화","대전","2010-09-03 18:30","삼성",6,2,"한화","정규시즌","정규시즌","패","승"
"9.4 (토)","17:00","KIA  3:9  두산","잠실","2010-09-04 17:00","KIA",3,9,"두산","정규시즌","정규시즌","승","패"
"","17:00","LG  0:8  SK","문학","2010-09-04 17:00","LG",0,8,"SK","정규시즌","정규시즌","승","패"
"","17:00","삼성  1:2  롯데","사직","2010-09-04 17:00","삼성",1,2,"롯데","정규시즌","정규시즌","승","패"
"9.5 (일)","17:00","KIA  4:5  두산","잠실","2010-09-05 17:00","KIA",4,5,"두산","정규시즌","정규시즌","승","패"
"","17:00","삼성  12:5  롯데","사직","2010-09-05 17:00","삼성",12,5,"롯데","정규시즌","정규시즌","패","승"
"9.6 (월)","-","프로야구 경기가 없습니다.","","2010-09-06 00:00","",NA,NA,"","경기 없는 날","정규시즌",NA,NA
"9.7 (화)","18:30","한화  3:8  KIA","군산","2010-09-07 18:30","한화",3,8,"KIA","정규시즌","정규시즌","승","패"
"","18:30","두산  4:0  SK","문학","2010-09-07 18:30","두산",4,0,"SK","정규시즌","정규시즌","패","승"
"","18:30","넥센  4:3  롯데","사직","2010-09-07 18:30","넥센",4,3,"롯데","정규시즌","정규시즌","패","승"
"9.8 (수)","18:30","한화  3:9  KIA","군산","2010-09-08 18:30","한화",3,9,"KIA","정규시즌","정규시즌","승","패"
"","18:30","롯데  4:3  삼성","대구","2010-09-08 18:30","롯데",4,3,"삼성","정규시즌","정규시즌","패","승"
"","18:30","넥센  8:1  두산","잠실","2010-09-08 18:30","넥센",8,1,"두산","정규시즌","정규시즌","패","승"
"9.9 (목)","18:30","KIA  3:2  넥센","목동","2010-09-09 18:30","KIA",3,2,"넥센","정규시즌","정규시즌","패","승"
"","18:30","롯데  3:0  LG","잠실","2010-09-09 18:30","롯데",3,0,"LG","정규시즌","정규시즌","패","승"
"","18:30","SK  1:1  한화","대전","2010-09-09 18:30","SK",1,1,"한화","정규시즌","정규시즌","무","무"
"9.10 (금)","18:30","LG  2:3  삼성","대구","2010-09-10 18:30","LG",2,3,"삼성","정규시즌","정규시즌","승","패"
"","18:30","SK  3:9  한화","대전","2010-09-10 18:30","SK",3,9,"한화","정규시즌","정규시즌","승","패"
"9.11 (토)","17:00","롯데  12:10  두산","잠실","2010-09-11 17:00","롯데",12,10,"두산","정규시즌","정규시즌","패","승"
"","17:00","SK  8:3  한화","대전","2010-09-11 17:00","SK",8,3,"한화","정규시즌","정규시즌","패","승"
"9.12 (일)","17:00","KIA  2:5  SK","문학","2010-09-12 17:00","KIA",2,5,"SK","정규시즌","정규시즌","승","패"
"","17:00","LG  6:4  삼성","대구","2010-09-12 17:00","LG",6,4,"삼성","정규시즌","정규시즌","패","승"
"","17:00","롯데  0:5  두산","잠실","2010-09-12 17:00","롯데",0,5,"두산","정규시즌","정규시즌","승","패"
"9.13 (월)","-","프로야구 경기가 없습니다.","","2010-09-13 00:00","",NA,NA,"","경기 없는 날","정규시즌",NA,NA
"9.14 (화)","18:30","한화  7:10  LG","잠실","2010-09-14 18:30","한화",7,10,"LG","정규시즌","정규시즌","승","패"
"","18:30","두산  2:3  KIA","광주","2010-09-14 18:30","두산",2,3,"KIA","정규시즌","정규시즌","승","패"
"","18:30","SK  1:3  롯데","사직","2010-09-14 18:30","SK",1,3,"롯데","정규시즌","정규시즌","승","패"
"9.15 (수)","18:30","두산  5:6  KIA","광주","2010-09-15 18:30","두산",5,6,"KIA","정규시즌","정규시즌","승","패"
"","18:30","SK  5:6  롯데","사직","2010-09-15 18:30","SK",5,6,"롯데","정규시즌","정규시즌","승","패"
"","18:30","넥센  3:4  한화","대전","2010-09-15 18:30","넥센",3,4,"한화","정규시즌","정규시즌","승","패"
"9.16 (목)","18:30","SK  5:5  LG","잠실","2010-09-16 18:30","SK",5,5,"LG","정규시즌","정규시즌","무","무"
"","18:30","삼성  9:4  KIA","광주","2010-09-16 18:30","삼성",9,4,"KIA","정규시즌","정규시즌","패","승"
"9.17 (금)","18:30","롯데  2:7  한화","대전","2010-09-17 18:30","롯데",2,7,"한화","정규시즌","정규시즌","승","패"
"","18:30","두산  6:1  넥센","목동","2010-09-17 18:30","두산",6,1,"넥센","정규시즌","정규시즌","패","승"
"","18:30","SK  5:4  LG","잠실","2010-09-17 18:30","SK",5,4,"LG","정규시즌","정규시즌","패","승"
"","18:30","삼성  8:9  KIA","광주","2010-09-17 18:30","삼성",8,9,"KIA","정규시즌","정규시즌","승","패"
"9.18 (토)","17:00","KIA  7:8  LG","잠실","2010-09-18 17:00","KIA",7,8,"LG","정규시즌","정규시즌","승","패"
"","17:00","롯데  11:1  한화","대전","2010-09-18 17:00","롯데",11,1,"한화","정규시즌","정규시즌","패","승"
"","17:00","두산  4:3  넥센","목동","2010-09-18 17:00","두산",4,3,"넥센","정규시즌","정규시즌","패","승"
"9.19 (일)","17:00","KIA  4:5  LG","잠실","2010-09-19 17:00","KIA",4,5,"LG","정규시즌","정규시즌","승","패"
"","17:00","롯데  7:1  한화","대전","2010-09-19 17:00","롯데",7,1,"한화","정규시즌","정규시즌","패","승"
"","17:00","SK  3:0  삼성","대구","2010-09-19 17:00","SK",3,0,"삼성","정규시즌","정규시즌","패","승"
"9.20 (월)","18:30","두산  6:4  넥센","목동","2010-09-20 18:30","두산",6,4,"넥센","정규시즌","정규시즌","패","승"
"9.21 (화)","17:00","LG  2:6  삼성","대구","2010-09-21 17:00","LG",2,6,"삼성","정규시즌","정규시즌","승","패"
"9.22 (수)","14:00","SK  10:4  두산","잠실","2010-09-22 14:00","SK",10,4,"두산","정규시즌","정규시즌","패","승"
"","17:00","LG  3:4  넥센","목동","2010-09-22 17:00","LG",3,4,"넥센","정규시즌","정규시즌","승","패"
"","17:33","SK  11:8  두산","잠실","2010-09-22 17:33","SK",11,8,"두산","정규시즌","정규시즌","패","승"
"9.23 (목)","17:00","LG  0:3  SK","문학","2010-09-23 17:00","LG",0,3,"SK","정규시즌","정규시즌","승","패"
"","17:00","넥센  4:6  두산","잠실","2010-09-23 17:00","넥센",4,6,"두산","정규시즌","정규시즌","승","패"
"9.24 (금)","18:30","LG  5:2  SK","문학","2010-09-24 18:30","LG",5,2,"SK","정규시즌","정규시즌","패","승"
"","18:30","삼성  1:6  롯데","사직","2010-09-24 18:30","삼성",1,6,"롯데","정규시즌","정규시즌","승","패"
"","18:30","넥센  6:3  두산","잠실","2010-09-24 18:30","넥센",6,3,"두산","정규시즌","정규시즌","패","승"
"9.25 (토)","17:00","한화  7:1  SK","문학","2010-09-25 17:00","한화",7,1,"SK","정규시즌","정규시즌","패","승"
"","17:00","롯데  3:1  넥센","목동","2010-09-25 17:00","롯데",3,1,"넥센","정규시즌","정규시즌","패","승"
"","17:00","삼성  5:5  LG","잠실","2010-09-25 17:00","삼성",5,5,"LG","정규시즌","정규시즌","무","무"
"9.26 (일)","17:00","KIA  3:11  한화","대전","2010-09-26 17:00","KIA",3,11,"한화","정규시즌","정규시즌","승","패"
"","17:00","삼성  6:1  LG","잠실","2010-09-26 17:00","삼성",6,1,"LG","정규시즌","정규시즌","패","승"
"","17:00","넥센  4:5  SK","문학","2010-09-26 17:00","넥센",4,5,"SK","정규시즌","정규시즌","승","패"
"9.27 (월)","-","프로야구 경기가 없습니다.","","2010-09-27 00:00","",NA,NA,"","경기 없는 날","정규시즌",NA,NA
"9.28 (화)","-","프로야구 경기가 없습니다.","","2010-09-28 00:00","",NA,NA,"","경기 없는 날","정규시즌",NA,NA
"9.29 (수)","-","프로야구 경기가 없습니다.","","2010-09-29 00:00","",NA,NA,"","경기 없는 날","준플레이오프",NA,NA
"9.30 (목)","-","프로야구 경기가 없습니다.","","2010-09-30 00:00","",NA,NA,"","경기 없는 날","준플레이오프",NA,NA
"10.1 (금)","-","프로야구 경기가 없습니다.","","2010-10-01 00:00","",NA,NA,"","경기 없는 날","정규시즌",NA,NA
"10.2 (토)","-","프로야구 경기가 없습니다.","","2010-10-02 00:00","",NA,NA,"","경기 없는 날","준플레이오프",NA,NA
"10.3 (일)","-","프로야구 경기가 없습니다.","","2010-10-03 00:00","",NA,NA,"","경기 없는 날","준플레이오프",NA,NA
"10.4 (월)","-","프로야구 경기가 없습니다.","","2010-10-04 00:00","",NA,NA,"","경기 없는 날","정규시즌",NA,NA
"10.5 (화)","18:00","롯데  4:11  두산","잠실","2010-10-05 18:00","롯데",4,11,"두산","준플레이오프","준플레이오프","승","패"
"10.6 (수)","-","프로야구 경기가 없습니다.","","2010-10-06 00:00","",NA,NA,"","경기 없는 날","정규시즌",NA,NA
"10.7 (목)","18:00","두산  5:6  삼성","대구","2010-10-07 18:00","두산",5,6,"삼성","플레이오프","플레이오프","승","패"
"10.8 (금)","18:00","두산  4:3  삼성","대구","2010-10-08 18:00","두산",4,3,"삼성","플레이오프","플레이오프","패","승"
"10.9 (토)","-","프로야구 경기가 없습니다.","","2010-10-09 00:00","",NA,NA,"","경기 없는 날","정규시즌",NA,NA
"10.10 (일)","14:00","삼성  8:9  두산","잠실","2010-10-10 14:00","삼성",8,9,"두산","플레이오프","플레이오프","승","패"
"10.11 (월)","18:00","삼성  8:7  두산","잠실","2010-10-11 18:00","삼성",8,7,"두산","플레이오프","플레이오프","패","승"
"10.12 (화)","-","프로야구 경기가 없습니다.","","2010-10-12 00:00","",NA,NA,"","경기 없는 날","정규시즌",NA,NA
"10.13 (수)","18:00","두산  5:6  삼성","대구","2010-10-13 18:00","두산",5,6,"삼성","플레이오프","플레이오프","승","패"
"10.14 (목)","-","프로야구 경기가 없습니다.","","2010-10-14 00:00","",NA,NA,"","경기 없는 날","정규시즌",NA,NA
"10.15 (금)","18:00","삼성  5:9  SK","문학","2010-10-15 18:00","삼성",5,9,"SK","한국시리즈","한국시리즈","승","패"
"10.16 (토)","14:00","삼성  1:4  SK","문학","2010-10-16 14:00","삼성",1,4,"SK","한국시리즈","한국시리즈","승","패"
"10.17 (일)","-","프로야구 경기가 없습니다.","","2010-10-17 00:00","",NA,NA,"","경기 없는 날","정규시즌",NA,NA
"10.18 (월)","18:00","SK  4:2  삼성","대구","2010-10-18 18:00","SK",4,2,"삼성","한국시리즈","한국시리즈","패","승"
"10.19 (화)","18:00","SK  4:2  삼성","대구","2010-10-19 18:00","SK",4,2,"삼성","한국시리즈","한국시리즈","패","승"
"10.20 (수)","-","프로야구 경기가 없습니다.","","2010-10-20 00:00","",NA,NA,"","경기 없는 날","정규시즌",NA,NA
"10.21 (목)","-","프로야구 경기가 없습니다.","","2010-10-21 00:00","",NA,NA,"","경기 없는 날","정규시즌",NA,NA
"10.22 (금)","-","프로야구 경기가 없습니다.","","2010-10-22 00:00","",NA,NA,"","경기 없는 날","정규시즌",NA,NA
"10.23 (토)","-","프로야구 경기가 없습니다.","","2010-10-23 00:00","",NA,NA,"","경기 없는 날","정규시즌",NA,NA
"10.24 (일)","-","프로야구 경기가 없습니다.","","2010-10-24 00:00","",NA,NA,"","경기 없는 날","정규시즌",NA,NA
"10.25 (월)","-","프로야구 경기가 없습니다.","","2010-10-25 00:00","",NA,NA,"","경기 없는 날","정규시즌",NA,NA
"10.26 (화)","-","프로야구 경기가 없습니다.","","2010-10-26 00:00","",NA,NA,"","경기 없는 날","정규시즌",NA,NA
"10.27 (수)","-","프로야구 경기가 없습니다.","","2010-10-27 00:00","",NA,NA,"","경기 없는 날","정규시즌",NA,NA
"10.28 (목)","-","프로야구 경기가 없습니다.","","2010-10-28 00:00","",NA,NA,"","경기 없는 날","정규시즌",NA,NA
"10.29 (금)","-","프로야구 경기가 없습니다.","","2010-10-29 00:00","",NA,NA,"","경기 없는 날","정규시즌",NA,NA
"10.30 (토)","-","프로야구 경기가 없습니다.","","2010-10-30 00:00","",NA,NA,"","경기 없는 날","정규시즌",NA,NA
"10.31 (일)","-","프로야구 경기가 없습니다.","","2010-10-31 00:00","",NA,NA,"","경기 없는 날","정규시즌",NA,NA
